VF (V) @ 298.15K,IF (A) @ 298.15K
0.000000000000000e+000,0.000000e+000
1.000000000000000e-003,1.000647e-015
2.000000000000000e-003,2.001305e-015
3.000000000000000e-003,3.001975e-015
4.000000000000000e-003,4.002656e-015
5.000000000000000e-003,5.003351e-015
6.000000000000000e-003,6.004058e-015
7.000000000000000e-003,7.004777e-015
8.000000000000000e-003,8.005509e-015
8.999999999999999e-003,9.006255e-015
1.000000000000000e-002,1.000701e-014
1.100000000000000e-002,1.100779e-014
1.200000000000000e-002,1.200857e-014
1.300000000000000e-002,1.300937e-014
1.400000000000000e-002,1.401019e-014
1.500000000000000e-002,1.501102e-014
1.600000000000000e-002,1.601186e-014
1.700000000000000e-002,1.701272e-014
1.800000000000000e-002,1.801360e-014
1.900000000000000e-002,1.901449e-014
2.000000000000000e-002,2.001539e-014
2.100000000000000e-002,2.101632e-014
2.200000000000000e-002,2.201726e-014
2.300000000000000e-002,2.301821e-014
2.400000000000000e-002,2.401919e-014
2.500000000000000e-002,2.502018e-014
2.600000000000000e-002,2.602119e-014
2.700000000000000e-002,2.702221e-014
2.800000000000000e-002,2.802326e-014
2.900000000000000e-002,2.902432e-014
3.000000000000000e-002,3.002541e-014
3.100000000000000e-002,3.102651e-014
3.200000000000000e-002,3.202763e-014
3.300000000000000e-002,3.302877e-014
3.400000000000000e-002,3.402993e-014
3.500000000000000e-002,3.503112e-014
3.600000000000000e-002,3.603233e-014
3.700000000000000e-002,3.703355e-014
3.800000000000000e-002,3.803480e-014
3.900000000000000e-002,3.903608e-014
4.000000000000000e-002,4.003737e-014
4.100000000000000e-002,4.103869e-014
4.200000000000000e-002,4.204003e-014
4.300000000000000e-002,4.304140e-014
4.400000000000000e-002,4.404278e-014
4.500000000000000e-002,4.504420e-014
4.600000000000000e-002,4.604564e-014
4.700000000000000e-002,4.704710e-014
4.800000000000000e-002,4.804860e-014
4.900000000000000e-002,4.905012e-014
5.000000000000000e-002,5.005166e-014
5.100000000000000e-002,5.105324e-014
5.200000000000000e-002,5.205484e-014
5.300000000000000e-002,5.305647e-014
5.400000000000000e-002,5.405813e-014
5.500000000000000e-002,5.505982e-014
5.600000000000000e-002,5.606154e-014
5.700000000000000e-002,5.706330e-014
5.800000000000000e-002,5.806508e-014
5.900000000000000e-002,5.906689e-014
6.000000000000000e-002,6.006874e-014
6.100000000000000e-002,6.107062e-014
6.200000000000000e-002,6.207254e-014
6.300000000000000e-002,6.307448e-014
6.400000000000000e-002,6.407647e-014
6.500000000000000e-002,6.507849e-014
6.600000000000000e-002,6.608055e-014
6.700000000000000e-002,6.708264e-014
6.800000000000001e-002,6.808477e-014
6.900000000000001e-002,6.908694e-014
7.000000000000001e-002,7.008914e-014
7.099999999999999e-002,7.109139e-014
7.200000000000000e-002,7.209368e-014
7.300000000000000e-002,7.309602e-014
7.400000000000000e-002,7.409838e-014
7.500000000000000e-002,7.510079e-014
7.600000000000000e-002,7.610325e-014
7.700000000000000e-002,7.710575e-014
7.800000000000000e-002,7.810830e-014
7.900000000000000e-002,7.911089e-014
8.000000000000000e-002,8.011353e-014
8.100000000000000e-002,8.111622e-014
8.200000000000000e-002,8.211895e-014
8.300000000000000e-002,8.312174e-014
8.400000000000001e-002,8.412457e-014
8.500000000000001e-002,8.512745e-014
8.599999999999999e-002,8.613038e-014
8.699999999999999e-002,8.713337e-014
8.800000000000000e-002,8.813641e-014
8.900000000000000e-002,8.913951e-014
9.000000000000000e-002,9.014266e-014
9.100000000000000e-002,9.114587e-014
9.200000000000000e-002,9.214913e-014
9.300000000000000e-002,9.315246e-014
9.400000000000000e-002,9.415585e-014
9.500000000000000e-002,9.515929e-014
9.600000000000000e-002,9.616280e-014
9.700000000000000e-002,9.716637e-014
9.800000000000000e-002,9.817001e-014
9.900000000000001e-002,9.917370e-014
1.000000000000000e-001,1.001775e-013
1.010000000000000e-001,1.011813e-013
1.020000000000000e-001,1.021852e-013
1.030000000000000e-001,1.031892e-013
1.040000000000000e-001,1.041932e-013
1.050000000000000e-001,1.051973e-013
1.060000000000000e-001,1.062015e-013
1.070000000000000e-001,1.072058e-013
1.080000000000000e-001,1.082101e-013
1.090000000000000e-001,1.092146e-013
1.100000000000000e-001,1.102191e-013
1.110000000000000e-001,1.112236e-013
1.120000000000000e-001,1.122283e-013
1.130000000000000e-001,1.132331e-013
1.140000000000000e-001,1.142379e-013
1.150000000000000e-001,1.152428e-013
1.160000000000000e-001,1.162478e-013
1.170000000000000e-001,1.172529e-013
1.180000000000000e-001,1.182581e-013
1.190000000000000e-001,1.192634e-013
1.200000000000000e-001,1.202687e-013
1.210000000000000e-001,1.212742e-013
1.220000000000000e-001,1.222798e-013
1.230000000000000e-001,1.232855e-013
1.240000000000000e-001,1.242912e-013
1.250000000000000e-001,1.252971e-013
1.260000000000000e-001,1.263031e-013
1.270000000000000e-001,1.273092e-013
1.280000000000000e-001,1.283154e-013
1.290000000000000e-001,1.293217e-013
1.300000000000000e-001,1.303281e-013
1.310000000000000e-001,1.313347e-013
1.320000000000000e-001,1.323413e-013
1.330000000000000e-001,1.333481e-013
1.340000000000000e-001,1.343550e-013
1.350000000000000e-001,1.353620e-013
1.360000000000000e-001,1.363692e-013
1.370000000000000e-001,1.373765e-013
1.380000000000000e-001,1.383838e-013
1.390000000000000e-001,1.393914e-013
1.400000000000000e-001,1.403991e-013
1.410000000000000e-001,1.414069e-013
1.420000000000000e-001,1.424148e-013
1.430000000000000e-001,1.434229e-013
1.440000000000000e-001,1.444312e-013
1.450000000000000e-001,1.454396e-013
1.460000000000000e-001,1.464481e-013
1.470000000000000e-001,1.474568e-013
1.480000000000000e-001,1.484657e-013
1.490000000000000e-001,1.494747e-013
1.500000000000000e-001,1.504838e-013
1.510000000000000e-001,1.514932e-013
1.520000000000000e-001,1.525027e-013
1.530000000000000e-001,1.535123e-013
1.540000000000000e-001,1.545222e-013
1.550000000000000e-001,1.555322e-013
1.560000000000000e-001,1.565424e-013
1.570000000000000e-001,1.575528e-013
1.580000000000000e-001,1.585634e-013
1.590000000000000e-001,1.595741e-013
1.600000000000000e-001,1.605851e-013
1.610000000000000e-001,1.615963e-013
1.620000000000000e-001,1.626076e-013
1.630000000000000e-001,1.636192e-013
1.640000000000000e-001,1.646309e-013
1.650000000000000e-001,1.656429e-013
1.660000000000000e-001,1.666551e-013
1.670000000000000e-001,1.676675e-013
1.680000000000000e-001,1.686802e-013
1.690000000000000e-001,1.696930e-013
1.700000000000000e-001,1.707061e-013
1.710000000000000e-001,1.717194e-013
1.720000000000000e-001,1.727330e-013
1.730000000000000e-001,1.737468e-013
1.740000000000000e-001,1.747609e-013
1.750000000000000e-001,1.757752e-013
1.760000000000000e-001,1.767898e-013
1.770000000000000e-001,1.778046e-013
1.780000000000000e-001,1.788197e-013
1.790000000000000e-001,1.798351e-013
1.800000000000000e-001,1.808507e-013
1.810000000000000e-001,1.818666e-013
1.820000000000000e-001,1.828828e-013
1.830000000000000e-001,1.838993e-013
1.840000000000000e-001,1.849161e-013
1.850000000000000e-001,1.859332e-013
1.860000000000000e-001,1.869506e-013
1.870000000000000e-001,1.879684e-013
1.880000000000000e-001,1.889864e-013
1.890000000000000e-001,1.900048e-013
1.900000000000000e-001,1.910235e-013
1.910000000000000e-001,1.920425e-013
1.920000000000000e-001,1.930618e-013
1.930000000000000e-001,1.940816e-013
1.940000000000000e-001,1.951016e-013
1.950000000000000e-001,1.961221e-013
1.960000000000000e-001,1.971429e-013
1.970000000000000e-001,1.981640e-013
1.980000000000000e-001,1.991856e-013
1.990000000000000e-001,2.002075e-013
2.000000000000000e-001,2.012299e-013
2.010000000000000e-001,2.022526e-013
2.020000000000000e-001,2.032757e-013
2.030000000000000e-001,2.042993e-013
2.040000000000000e-001,2.053233e-013
2.050000000000000e-001,2.063477e-013
2.060000000000000e-001,2.073725e-013
2.070000000000000e-001,2.083978e-013
2.080000000000000e-001,2.094236e-013
2.090000000000000e-001,2.104498e-013
2.100000000000000e-001,2.114765e-013
2.110000000000000e-001,2.125036e-013
2.120000000000000e-001,2.135313e-013
2.130000000000000e-001,2.145594e-013
2.140000000000000e-001,2.155881e-013
2.150000000000000e-001,2.166173e-013
2.160000000000000e-001,2.176469e-013
2.170000000000000e-001,2.186772e-013
2.180000000000000e-001,2.197079e-013
2.190000000000000e-001,2.207393e-013
2.200000000000000e-001,2.217711e-013
2.210000000000000e-001,2.228036e-013
2.220000000000000e-001,2.238366e-013
2.230000000000000e-001,2.248703e-013
2.240000000000000e-001,2.259045e-013
2.250000000000000e-001,2.269393e-013
2.260000000000000e-001,2.279748e-013
2.270000000000000e-001,2.290110e-013
2.280000000000000e-001,2.300477e-013
2.290000000000000e-001,2.310851e-013
2.300000000000000e-001,2.321232e-013
2.310000000000000e-001,2.331620e-013
2.320000000000000e-001,2.342015e-013
2.330000000000000e-001,2.352416e-013
2.340000000000000e-001,2.362826e-013
2.350000000000000e-001,2.373242e-013
2.360000000000000e-001,2.383666e-013
2.370000000000000e-001,2.394098e-013
2.380000000000000e-001,2.404537e-013
2.390000000000000e-001,2.414984e-013
2.400000000000000e-001,2.425439e-013
2.410000000000000e-001,2.435902e-013
2.420000000000000e-001,2.446374e-013
2.430000000000000e-001,2.456854e-013
2.440000000000000e-001,2.467343e-013
2.450000000000000e-001,2.477840e-013
2.460000000000000e-001,2.488347e-013
2.470000000000000e-001,2.498862e-013
2.480000000000000e-001,2.509387e-013
2.490000000000000e-001,2.519921e-013
2.500000000000000e-001,2.530465e-013
2.510000000000000e-001,2.541019e-013
2.520000000000000e-001,2.551582e-013
2.530000000000000e-001,2.562156e-013
2.540000000000000e-001,2.572740e-013
2.550000000000000e-001,2.583334e-013
2.560000000000000e-001,2.593940e-013
2.570000000000000e-001,2.604556e-013
2.580000000000000e-001,2.615183e-013
2.590000000000000e-001,2.625821e-013
2.600000000000000e-001,2.636471e-013
2.610000000000000e-001,2.647132e-013
2.620000000000000e-001,2.657806e-013
2.630000000000000e-001,2.668491e-013
2.640000000000000e-001,2.679189e-013
2.650000000000000e-001,2.689899e-013
2.660000000000000e-001,2.700622e-013
2.670000000000000e-001,2.711358e-013
2.680000000000000e-001,2.722107e-013
2.690000000000000e-001,2.732870e-013
2.700000000000000e-001,2.743646e-013
2.710000000000000e-001,2.754437e-013
2.720000000000000e-001,2.765241e-013
2.730000000000000e-001,2.776060e-013
2.740000000000000e-001,2.786894e-013
2.750000000000000e-001,2.797743e-013
2.760000000000000e-001,2.808606e-013
2.770000000000000e-001,2.819486e-013
2.780000000000000e-001,2.830381e-013
2.790000000000000e-001,2.841292e-013
2.800000000000000e-001,2.852220e-013
2.810000000000000e-001,2.863164e-013
2.820000000000000e-001,2.874125e-013
2.830000000000000e-001,2.885104e-013
2.840000000000000e-001,2.896100e-013
2.850000000000000e-001,2.907114e-013
2.860000000000000e-001,2.918146e-013
2.870000000000000e-001,2.929197e-013
2.880000000000000e-001,2.940267e-013
2.890000000000000e-001,2.951355e-013
2.900000000000000e-001,2.962464e-013
2.910000000000000e-001,2.973592e-013
2.920000000000000e-001,2.984741e-013
2.930000000000000e-001,2.995910e-013
2.940000000000000e-001,3.007100e-013
2.950000000000000e-001,3.018312e-013
2.960000000000000e-001,3.029545e-013
2.970000000000000e-001,3.040800e-013
2.980000000000000e-001,3.052078e-013
2.990000000000000e-001,3.063379e-013
3.000000000000000e-001,3.074704e-013
3.010000000000000e-001,3.086051e-013
3.020000000000000e-001,3.097424e-013
3.030000000000000e-001,3.108821e-013
3.040000000000000e-001,3.120243e-013
3.050000000000000e-001,3.131690e-013
3.060000000000000e-001,3.143164e-013
3.070000000000000e-001,3.154664e-013
3.080000000000000e-001,3.166191e-013
3.090000000000000e-001,3.177745e-013
3.100000000000000e-001,3.189328e-013
3.110000000000000e-001,3.200938e-013
3.120000000000000e-001,3.212578e-013
3.130000000000000e-001,3.224247e-013
3.140000000000000e-001,3.235946e-013
3.150000000000000e-001,3.247676e-013
3.160000000000000e-001,3.259437e-013
3.170000000000000e-001,3.271229e-013
3.180000000000000e-001,3.283053e-013
3.190000000000000e-001,3.294911e-013
3.200000000000000e-001,3.306801e-013
3.210000000000000e-001,3.318726e-013
3.220000000000000e-001,3.330685e-013
3.230000000000000e-001,3.342679e-013
3.240000000000000e-001,3.354709e-013
3.250000000000000e-001,3.366776e-013
3.260000000000000e-001,3.378879e-013
3.270000000000000e-001,3.391021e-013
3.280000000000000e-001,3.403201e-013
3.290000000000000e-001,3.415420e-013
3.300000000000000e-001,3.427679e-013
3.310000000000000e-001,3.439979e-013
3.320000000000000e-001,3.452319e-013
3.330000000000000e-001,3.464702e-013
3.340000000000000e-001,3.477128e-013
3.350000000000000e-001,3.489597e-013
3.360000000000000e-001,3.502110e-013
3.370000000000000e-001,3.514669e-013
3.380000000000000e-001,3.527274e-013
3.390000000000000e-001,3.539925e-013
3.400000000000000e-001,3.552624e-013
3.410000000000000e-001,3.565372e-013
3.420000000000000e-001,3.578169e-013
3.430000000000000e-001,3.591016e-013
3.440000000000000e-001,3.603914e-013
3.450000000000000e-001,3.616864e-013
3.460000000000000e-001,3.629867e-013
3.470000000000000e-001,3.642924e-013
3.480000000000000e-001,3.656037e-013
3.490000000000000e-001,3.669205e-013
3.500000000000000e-001,3.682430e-013
3.510000000000000e-001,3.695712e-013
3.520000000000000e-001,3.709054e-013
3.530000000000000e-001,3.722456e-013
3.540000000000000e-001,3.735919e-013
3.550000000000000e-001,3.749444e-013
3.560000000000000e-001,3.763032e-013
3.570000000000000e-001,3.776685e-013
3.580000000000000e-001,3.790403e-013
3.590000000000000e-001,3.804188e-013
3.600000000000000e-001,3.818042e-013
3.610000000000000e-001,3.831964e-013
3.620000000000000e-001,3.845957e-013
3.630000000000000e-001,3.860021e-013
3.640000000000000e-001,3.874159e-013
3.650000000000000e-001,3.888370e-013
3.660000000000000e-001,3.902658e-013
3.670000000000000e-001,3.917022e-013
3.680000000000000e-001,3.931465e-013
3.690000000000000e-001,3.945988e-013
3.700000000000000e-001,3.960592e-013
3.710000000000000e-001,3.975278e-013
3.720000000000000e-001,3.990049e-013
3.730000000000000e-001,4.004905e-013
3.740000000000000e-001,4.019849e-013
3.750000000000000e-001,4.034881e-013
3.760000000000000e-001,4.050004e-013
3.770000000000000e-001,4.065219e-013
3.780000000000000e-001,4.080527e-013
3.790000000000000e-001,4.095931e-013
3.800000000000000e-001,4.111432e-013
3.810000000000000e-001,4.127032e-013
3.820000000000000e-001,4.142732e-013
3.830000000000000e-001,4.158534e-013
3.840000000000000e-001,4.174441e-013
3.850000000000000e-001,4.190454e-013
3.860000000000000e-001,4.206574e-013
3.870000000000000e-001,4.222805e-013
3.880000000000000e-001,4.239148e-013
3.890000000000000e-001,4.255604e-013
3.900000000000000e-001,4.272177e-013
3.910000000000000e-001,4.288868e-013
3.920000000000000e-001,4.305678e-013
3.930000000000000e-001,4.322611e-013
3.940000000000000e-001,4.339669e-013
3.950000000000000e-001,4.356853e-013
3.960000000000000e-001,4.374167e-013
3.970000000000000e-001,4.391611e-013
3.980000000000000e-001,4.409189e-013
3.990000000000000e-001,4.426904e-013
4.000000000000000e-001,4.444757e-013
4.010000000000000e-001,4.462751e-013
4.020000000000000e-001,4.480888e-013
4.030000000000000e-001,4.499172e-013
4.040000000000000e-001,4.517605e-013
4.050000000000000e-001,4.536189e-013
4.060000000000000e-001,4.554927e-013
4.070000000000000e-001,4.573822e-013
4.080000000000000e-001,4.592877e-013
4.090000000000000e-001,4.612094e-013
4.100000000000000e-001,4.631477e-013
4.110000000000000e-001,4.651028e-013
4.120000000000000e-001,4.670752e-013
4.130000000000000e-001,4.690649e-013
4.140000000000000e-001,4.710725e-013
4.150000000000000e-001,4.730981e-013
4.160000000000000e-001,4.751421e-013
4.170000000000000e-001,4.772049e-013
4.180000000000000e-001,4.792868e-013
4.190000000000000e-001,4.813881e-013
4.200000000000000e-001,4.835092e-013
4.210000000000000e-001,4.856505e-013
4.220000000000000e-001,4.878122e-013
4.230000000000000e-001,4.899948e-013
4.240000000000000e-001,4.921986e-013
4.250000000000000e-001,4.944241e-013
4.260000000000000e-001,4.966716e-013
4.270000000000000e-001,4.989414e-013
4.280000000000000e-001,5.012341e-013
4.290000000000000e-001,5.035499e-013
4.300000000000000e-001,5.058895e-013
4.310000000000000e-001,5.082531e-013
4.320000000000000e-001,5.106411e-013
4.330000000000000e-001,5.130541e-013
4.340000000000000e-001,5.154925e-013
4.350000000000000e-001,5.179567e-013
4.360000000000000e-001,5.204472e-013
4.370000000000000e-001,5.229644e-013
4.380000000000000e-001,5.255090e-013
4.390000000000000e-001,5.280812e-013
4.400000000000000e-001,5.306817e-013
4.410000000000000e-001,5.333109e-013
4.420000000000000e-001,5.359694e-013
4.430000000000000e-001,5.386577e-013
4.440000000000000e-001,5.413764e-013
4.450000000000000e-001,5.441258e-013
4.460000000000000e-001,5.469066e-013
4.470000000000000e-001,5.497196e-013
4.480000000000000e-001,5.525650e-013
4.490000000000000e-001,5.554435e-013
4.500000000000000e-001,5.583558e-013
4.510000000000000e-001,5.613025e-013
4.520000000000000e-001,5.642841e-013
4.530000000000000e-001,5.673013e-013
4.540000000000000e-001,5.703547e-013
4.550000000000000e-001,5.734450e-013
4.560000000000000e-001,5.765729e-013
4.570000000000000e-001,5.797389e-013
4.580000000000000e-001,5.829439e-013
4.590000000000000e-001,5.861885e-013
4.600000000000000e-001,5.894733e-013
4.610000000000000e-001,5.927992e-013
4.620000000000000e-001,5.961669e-013
4.630000000000000e-001,5.995772e-013
4.640000000000000e-001,6.030306e-013
4.650000000000000e-001,6.065282e-013
4.660000000000000e-001,6.100706e-013
4.670000000000000e-001,6.136587e-013
4.680000000000000e-001,6.172932e-013
4.690000000000000e-001,6.209751e-013
4.700000000000000e-001,6.247051e-013
4.710000000000000e-001,6.284842e-013
4.720000000000000e-001,6.323132e-013
4.730000000000000e-001,6.361929e-013
4.740000000000000e-001,6.401244e-013
4.750000000000000e-001,6.441085e-013
4.760000000000000e-001,6.481463e-013
4.770000000000000e-001,6.522386e-013
4.780000000000000e-001,6.563864e-013
4.790000000000000e-001,6.605908e-013
4.800000000000000e-001,6.648527e-013
4.810000000000000e-001,6.691732e-013
4.820000000000000e-001,6.735533e-013
4.830000000000000e-001,6.779941e-013
4.840000000000000e-001,6.824967e-013
4.850000000000000e-001,6.870622e-013
4.860000000000000e-001,6.916918e-013
4.870000000000000e-001,6.963866e-013
4.880000000000000e-001,7.011476e-013
4.890000000000000e-001,7.059763e-013
4.900000000000000e-001,7.108737e-013
4.910000000000000e-001,7.158411e-013
4.920000000000000e-001,7.208798e-013
4.930000000000000e-001,7.259909e-013
4.940000000000000e-001,7.311760e-013
4.950000000000000e-001,7.364362e-013
4.960000000000000e-001,7.417729e-013
4.970000000000000e-001,7.471875e-013
4.980000000000000e-001,7.526813e-013
4.990000000000000e-001,7.582559e-013
5.000000000000000e-001,7.639126e-013
5.010000000000000e-001,7.696530e-013
5.020000000000000e-001,7.754784e-013
5.030000000000000e-001,7.813906e-013
5.040000000000000e-001,7.873910e-013
5.050000000000000e-001,7.934812e-013
5.060000000000000e-001,7.996627e-013
5.070000000000000e-001,8.059374e-013
5.080000000000000e-001,8.123068e-013
5.090000000000000e-001,8.187726e-013
5.100000000000000e-001,8.253366e-013
5.110000000000000e-001,8.320004e-013
5.120000000000000e-001,8.387661e-013
5.130000000000000e-001,8.456352e-013
5.140000000000000e-001,8.526099e-013
5.150000000000000e-001,8.596917e-013
5.160000000000000e-001,8.668828e-013
5.170000000000000e-001,8.741851e-013
5.180000000000000e-001,8.816005e-013
5.190000000000000e-001,8.891313e-013
5.200000000000000e-001,8.967792e-013
5.210000000000000e-001,9.045466e-013
5.220000000000000e-001,9.124355e-013
5.230000000000000e-001,9.204482e-013
5.240000000000000e-001,9.285867e-013
5.250000000000000e-001,9.368535e-013
5.260000000000000e-001,9.452507e-013
5.270000000000000e-001,9.537809e-013
5.280000000000000e-001,9.624463e-013
5.290000000000000e-001,9.712493e-013
5.300000000000000e-001,9.801925e-013
5.310000000000000e-001,9.892783e-013
5.320000000000000e-001,9.985094e-013
5.330000000000000e-001,1.007888e-012
5.340000000000000e-001,1.017418e-012
5.350000000000000e-001,1.027100e-012
5.360000000000000e-001,1.036939e-012
5.370000000000000e-001,1.046936e-012
5.380000000000000e-001,1.057095e-012
5.390000000000000e-001,1.067418e-012
5.400000000000000e-001,1.077909e-012
5.410000000000000e-001,1.088570e-012
5.420000000000000e-001,1.099404e-012
5.430000000000000e-001,1.110416e-012
5.440000000000000e-001,1.121607e-012
5.450000000000000e-001,1.132981e-012
5.460000000000000e-001,1.144541e-012
5.470000000000000e-001,1.156291e-012
5.480000000000000e-001,1.168235e-012
5.490000000000000e-001,1.180374e-012
5.500000000000000e-001,1.192714e-012
5.510000000000001e-001,1.205257e-012
5.520000000000001e-001,1.218008e-012
5.530000000000001e-001,1.230970e-012
5.540000000000001e-001,1.244146e-012
5.550000000000001e-001,1.257542e-012
5.560000000000001e-001,1.271160e-012
5.570000000000001e-001,1.285004e-012
5.580000000000001e-001,1.299079e-012
5.590000000000001e-001,1.313389e-012
5.600000000000001e-001,1.327938e-012
5.610000000000001e-001,1.342731e-012
5.619999999999999e-001,1.357771e-012
5.629999999999999e-001,1.373063e-012
5.640000000000000e-001,1.388612e-012
5.650000000000000e-001,1.404422e-012
5.660000000000000e-001,1.420498e-012
5.670000000000000e-001,1.436845e-012
5.680000000000000e-001,1.453467e-012
5.690000000000000e-001,1.470371e-012
5.700000000000000e-001,1.487559e-012
5.710000000000000e-001,1.505039e-012
5.720000000000000e-001,1.522814e-012
5.730000000000000e-001,1.540891e-012
5.740000000000000e-001,1.559274e-012
5.750000000000000e-001,1.577970e-012
5.760000000000000e-001,1.596983e-012
5.770000000000000e-001,1.616320e-012
5.780000000000000e-001,1.635986e-012
5.790000000000000e-001,1.655988e-012
5.800000000000000e-001,1.676330e-012
5.810000000000000e-001,1.697020e-012
5.820000000000000e-001,1.718064e-012
5.830000000000000e-001,1.739468e-012
5.840000000000000e-001,1.761238e-012
5.850000000000000e-001,1.783381e-012
5.860000000000000e-001,1.805904e-012
5.870000000000000e-001,1.828813e-012
5.880000000000000e-001,1.852116e-012
5.890000000000000e-001,1.875820e-012
5.900000000000000e-001,1.899931e-012
5.910000000000000e-001,1.924457e-012
5.920000000000000e-001,1.949406e-012
5.930000000000000e-001,1.974784e-012
5.940000000000000e-001,2.000601e-012
5.950000000000000e-001,2.026863e-012
5.960000000000000e-001,2.053580e-012
5.970000000000000e-001,2.080757e-012
5.980000000000000e-001,2.108405e-012
5.990000000000000e-001,2.136532e-012
6.000000000000000e-001,2.165146e-012
6.010000000000000e-001,2.194256e-012
6.020000000000000e-001,2.223870e-012
6.030000000000000e-001,2.253999e-012
6.040000000000000e-001,2.284650e-012
6.050000000000000e-001,2.315834e-012
6.060000000000000e-001,2.347560e-012
6.070000000000000e-001,2.379839e-012
6.080000000000000e-001,2.412678e-012
6.090000000000000e-001,2.446090e-012
6.100000000000000e-001,2.480083e-012
6.110000000000000e-001,2.514670e-012
6.120000000000000e-001,2.549859e-012
6.130000000000000e-001,2.585662e-012
6.140000000000000e-001,2.622091e-012
6.150000000000000e-001,2.659156e-012
6.160000000000000e-001,2.696868e-012
6.170000000000000e-001,2.735240e-012
6.180000000000000e-001,2.774283e-012
6.190000000000000e-001,2.814009e-012
6.200000000000000e-001,2.854431e-012
6.210000000000000e-001,2.895560e-012
6.220000000000000e-001,2.937411e-012
6.230000000000000e-001,2.979995e-012
6.240000000000000e-001,3.023326e-012
6.250000000000000e-001,3.067417e-012
6.260000000000000e-001,3.112282e-012
6.270000000000000e-001,3.157934e-012
6.280000000000000e-001,3.204389e-012
6.290000000000000e-001,3.251660e-012
6.300000000000000e-001,3.299762e-012
6.310000000000000e-001,3.348710e-012
6.320000000000000e-001,3.398519e-012
6.330000000000000e-001,3.449205e-012
6.340000000000000e-001,3.500783e-012
6.350000000000000e-001,3.553269e-012
6.360000000000000e-001,3.606680e-012
6.370000000000000e-001,3.661032e-012
6.380000000000000e-001,3.716343e-012
6.390000000000000e-001,3.772628e-012
6.400000000000000e-001,3.829907e-012
6.410000000000000e-001,3.888197e-012
6.420000000000000e-001,3.947515e-012
6.430000000000000e-001,4.007881e-012
6.440000000000000e-001,4.069313e-012
6.450000000000000e-001,4.131830e-012
6.460000000000000e-001,4.195452e-012
6.470000000000000e-001,4.260199e-012
6.480000000000000e-001,4.326090e-012
6.490000000000000e-001,4.393147e-012
6.500000000000000e-001,4.461390e-012
6.510000000000000e-001,4.530841e-012
6.520000000000000e-001,4.601521e-012
6.530000000000000e-001,4.673453e-012
6.540000000000000e-001,4.746658e-012
6.550000000000000e-001,4.821161e-012
6.560000000000000e-001,4.896983e-012
6.570000000000000e-001,4.974149e-012
6.580000000000000e-001,5.052684e-012
6.590000000000000e-001,5.132610e-012
6.600000000000000e-001,5.213954e-012
6.610000000000000e-001,5.296741e-012
6.620000000000000e-001,5.380996e-012
6.630000000000000e-001,5.466747e-012
6.640000000000000e-001,5.554020e-012
6.650000000000000e-001,5.642843e-012
6.660000000000000e-001,5.733242e-012
6.670000000000000e-001,5.825248e-012
6.680000000000000e-001,5.918887e-012
6.690000000000000e-001,6.014191e-012
6.700000000000000e-001,6.111188e-012
6.710000000000000e-001,6.209909e-012
6.720000000000000e-001,6.310385e-012
6.730000000000000e-001,6.412648e-012
6.740000000000000e-001,6.516729e-012
6.750000000000000e-001,6.622662e-012
6.760000000000001e-001,6.730479e-012
6.770000000000001e-001,6.840214e-012
6.780000000000001e-001,6.951902e-012
6.790000000000001e-001,7.065578e-012
6.800000000000001e-001,7.181278e-012
6.810000000000001e-001,7.299038e-012
6.820000000000001e-001,7.418894e-012
6.830000000000001e-001,7.540885e-012
6.840000000000001e-001,7.665050e-012
6.850000000000001e-001,7.791425e-012
6.860000000000001e-001,7.920054e-012
6.870000000000001e-001,8.050973e-012
6.880000000000001e-001,8.184227e-012
6.890000000000001e-001,8.319854e-012
6.900000000000000e-001,8.457901e-012
6.910000000000000e-001,8.598408e-012
6.920000000000000e-001,8.741422e-012
6.930000000000000e-001,8.886985e-012
6.940000000000000e-001,9.035144e-012
6.950000000000000e-001,9.185947e-012
6.960000000000000e-001,9.339440e-012
6.970000000000000e-001,9.495672e-012
6.980000000000000e-001,9.654691e-012
6.990000000000000e-001,9.816548e-012
7.000000000000000e-001,9.981294e-012
7.010000000000000e-001,1.014898e-011
7.020000000000000e-001,1.031966e-011
7.030000000000000e-001,1.049339e-011
7.040000000000000e-001,1.067022e-011
7.050000000000000e-001,1.085021e-011
7.060000000000000e-001,1.103341e-011
7.070000000000000e-001,1.121989e-011
7.080000000000000e-001,1.140969e-011
7.090000000000000e-001,1.160289e-011
7.100000000000000e-001,1.179954e-011
7.110000000000000e-001,1.199970e-011
7.120000000000000e-001,1.220344e-011
7.130000000000000e-001,1.241082e-011
7.140000000000000e-001,1.262190e-011
7.150000000000000e-001,1.283676e-011
7.160000000000000e-001,1.305546e-011
7.170000000000000e-001,1.327807e-011
7.180000000000000e-001,1.350466e-011
7.190000000000000e-001,1.373530e-011
7.200000000000000e-001,1.397007e-011
7.210000000000000e-001,1.420903e-011
7.220000000000000e-001,1.445227e-011
7.230000000000000e-001,1.469986e-011
7.240000000000000e-001,1.495187e-011
7.250000000000000e-001,1.520840e-011
7.260000000000000e-001,1.546951e-011
7.270000000000000e-001,1.573530e-011
7.280000000000000e-001,1.600584e-011
7.290000000000000e-001,1.628122e-011
7.300000000000000e-001,1.656153e-011
7.310000000000000e-001,1.684686e-011
7.320000000000000e-001,1.713729e-011
7.330000000000000e-001,1.743292e-011
7.340000000000000e-001,1.773384e-011
7.350000000000000e-001,1.804014e-011
7.360000000000000e-001,1.835193e-011
7.370000000000000e-001,1.866931e-011
7.380000000000000e-001,1.899236e-011
7.390000000000000e-001,1.932120e-011
7.400000000000000e-001,1.965592e-011
7.410000000000000e-001,1.999664e-011
7.420000000000000e-001,2.034346e-011
7.430000000000000e-001,2.069649e-011
7.440000000000000e-001,2.105585e-011
7.450000000000000e-001,2.142164e-011
7.460000000000000e-001,2.179398e-011
7.470000000000000e-001,2.217299e-011
7.480000000000000e-001,2.255879e-011
7.490000000000000e-001,2.295149e-011
7.500000000000000e-001,2.335124e-011
7.510000000000000e-001,2.375814e-011
7.520000000000000e-001,2.417234e-011
7.530000000000000e-001,2.459396e-011
7.540000000000000e-001,2.502313e-011
7.550000000000000e-001,2.545998e-011
7.560000000000000e-001,2.590467e-011
7.570000000000000e-001,2.635733e-011
7.580000000000000e-001,2.681809e-011
7.590000000000000e-001,2.728712e-011
7.600000000000000e-001,2.776455e-011
7.610000000000000e-001,2.825053e-011
7.620000000000000e-001,2.874523e-011
7.630000000000000e-001,2.924879e-011
7.640000000000000e-001,2.976138e-011
7.650000000000000e-001,3.028316e-011
7.660000000000000e-001,3.081429e-011
7.670000000000000e-001,3.135494e-011
7.680000000000000e-001,3.190528e-011
7.690000000000000e-001,3.246549e-011
7.700000000000000e-001,3.303573e-011
7.710000000000000e-001,3.361621e-011
7.720000000000000e-001,3.420709e-011
7.730000000000000e-001,3.480856e-011
7.740000000000000e-001,3.542082e-011
7.750000000000000e-001,3.604406e-011
7.760000000000000e-001,3.667847e-011
7.770000000000000e-001,3.732426e-011
7.780000000000000e-001,3.798162e-011
7.790000000000000e-001,3.865078e-011
7.800000000000000e-001,3.933193e-011
7.810000000000000e-001,4.002531e-011
7.820000000000000e-001,4.073111e-011
7.830000000000000e-001,4.144957e-011
7.840000000000000e-001,4.218092e-011
7.850000000000000e-001,4.292538e-011
7.860000000000000e-001,4.368320e-011
7.870000000000000e-001,4.445461e-011
7.880000000000000e-001,4.523985e-011
7.890000000000000e-001,4.603918e-011
7.900000000000000e-001,4.685285e-011
7.910000000000000e-001,4.768111e-011
7.920000000000000e-001,4.852423e-011
7.930000000000000e-001,4.938247e-011
7.940000000000000e-001,5.025611e-011
7.950000000000000e-001,5.114542e-011
7.960000000000000e-001,5.205068e-011
7.970000000000000e-001,5.297219e-011
7.980000000000000e-001,5.391022e-011
7.990000000000000e-001,5.486508e-011
8.000000000000000e-001,5.583708e-011
8.010000000000001e-001,5.682651e-011
8.020000000000001e-001,5.783370e-011
8.030000000000001e-001,5.885895e-011
8.040000000000001e-001,5.990260e-011
8.050000000000001e-001,6.096498e-011
8.060000000000001e-001,6.204642e-011
8.070000000000001e-001,6.314726e-011
8.080000000000001e-001,6.426785e-011
8.090000000000001e-001,6.540855e-011
8.100000000000001e-001,6.656972e-011
8.110000000000001e-001,6.775173e-011
8.120000000000001e-001,6.895495e-011
8.130000000000001e-001,7.017975e-011
8.140000000000001e-001,7.142654e-011
8.150000000000001e-001,7.269570e-011
8.160000000000001e-001,7.398763e-011
8.170000000000001e-001,7.530275e-011
8.180000000000000e-001,7.664146e-011
8.190000000000000e-001,7.800421e-011
8.200000000000000e-001,7.939141e-011
8.210000000000000e-001,8.080351e-011
8.220000000000000e-001,8.224094e-011
8.230000000000000e-001,8.370418e-011
8.240000000000000e-001,8.519368e-011
8.250000000000000e-001,8.670990e-011
8.260000000000000e-001,8.825335e-011
8.270000000000000e-001,8.982449e-011
8.280000000000000e-001,9.142383e-011
8.290000000000000e-001,9.305188e-011
8.300000000000000e-001,9.470914e-011
8.310000000000000e-001,9.639616e-011
8.320000000000000e-001,9.811345e-011
8.330000000000000e-001,9.986157e-011
8.340000000000000e-001,1.016411e-010
8.350000000000000e-001,1.034525e-010
8.360000000000000e-001,1.052964e-010
8.370000000000000e-001,1.071735e-010
8.380000000000000e-001,1.090842e-010
8.390000000000000e-001,1.110293e-010
8.400000000000000e-001,1.130092e-010
8.410000000000000e-001,1.150247e-010
8.420000000000000e-001,1.170764e-010
8.430000000000000e-001,1.191649e-010
8.440000000000000e-001,1.212909e-010
8.450000000000000e-001,1.234550e-010
8.460000000000000e-001,1.256580e-010
8.470000000000000e-001,1.279006e-010
8.480000000000000e-001,1.301834e-010
8.490000000000000e-001,1.325072e-010
8.500000000000000e-001,1.348727e-010
8.510000000000000e-001,1.372806e-010
8.520000000000000e-001,1.397318e-010
8.530000000000000e-001,1.422270e-010
8.540000000000000e-001,1.447670e-010
8.550000000000000e-001,1.473526e-010
8.560000000000000e-001,1.499846e-010
8.570000000000000e-001,1.526639e-010
8.580000000000000e-001,1.553912e-010
8.590000000000000e-001,1.581676e-010
8.600000000000000e-001,1.609937e-010
8.610000000000000e-001,1.638706e-010
8.620000000000000e-001,1.667992e-010
8.630000000000000e-001,1.697803e-010
8.640000000000000e-001,1.728150e-010
8.650000000000000e-001,1.759041e-010
8.660000000000000e-001,1.790487e-010
8.670000000000000e-001,1.822498e-010
8.680000000000000e-001,1.855083e-010
8.690000000000000e-001,1.888253e-010
8.700000000000000e-001,1.922019e-010
8.710000000000000e-001,1.956391e-010
8.720000000000000e-001,1.991380e-010
8.730000000000000e-001,2.026998e-010
8.740000000000000e-001,2.063255e-010
8.750000000000000e-001,2.100162e-010
8.760000000000000e-001,2.137733e-010
8.770000000000000e-001,2.175978e-010
8.780000000000000e-001,2.214910e-010
8.790000000000000e-001,2.254540e-010
8.800000000000000e-001,2.294883e-010
8.810000000000000e-001,2.335949e-010
8.820000000000000e-001,2.377754e-010
8.830000000000000e-001,2.420308e-010
8.840000000000000e-001,2.463627e-010
8.850000000000000e-001,2.507723e-010
8.860000000000000e-001,2.552611e-010
8.870000000000000e-001,2.598306e-010
8.880000000000000e-001,2.644820e-010
8.890000000000000e-001,2.692170e-010
8.900000000000000e-001,2.740370e-010
8.910000000000000e-001,2.789436e-010
8.920000000000000e-001,2.839383e-010
8.930000000000000e-001,2.890226e-010
8.940000000000000e-001,2.941982e-010
8.950000000000000e-001,2.994668e-010
8.960000000000000e-001,3.048300e-010
8.970000000000000e-001,3.102894e-010
8.980000000000000e-001,3.158469e-010
8.990000000000000e-001,3.215042e-010
9.000000000000000e-001,3.272631e-010
9.010000000000000e-001,3.331254e-010
9.020000000000000e-001,3.390929e-010
9.030000000000000e-001,3.451676e-010
9.040000000000000e-001,3.513514e-010
9.050000000000000e-001,3.576462e-010
9.060000000000000e-001,3.640541e-010
9.070000000000000e-001,3.705770e-010
9.080000000000000e-001,3.772171e-010
9.090000000000000e-001,3.839764e-010
9.100000000000000e-001,3.908570e-010
9.110000000000000e-001,3.978612e-010
9.120000000000000e-001,4.049912e-010
9.130000000000000e-001,4.122492e-010
9.140000000000000e-001,4.196376e-010
9.150000000000000e-001,4.271586e-010
9.160000000000000e-001,4.348147e-010
9.170000000000000e-001,4.426083e-010
9.180000000000000e-001,4.505417e-010
9.190000000000000e-001,4.586177e-010
9.200000000000000e-001,4.668387e-010
9.210000000000000e-001,4.752073e-010
9.220000000000000e-001,4.837262e-010
9.230000000000000e-001,4.923981e-010
9.240000000000000e-001,5.012257e-010
9.250000000000000e-001,5.102118e-010
9.260000000000001e-001,5.193593e-010
9.270000000000001e-001,5.286711e-010
9.280000000000001e-001,5.381500e-010
9.290000000000001e-001,5.477992e-010
9.300000000000001e-001,5.576216e-010
9.310000000000001e-001,5.676205e-010
9.320000000000001e-001,5.777989e-010
9.330000000000001e-001,5.881601e-010
9.340000000000001e-001,5.987073e-010
9.350000000000001e-001,6.094439e-010
9.360000000000001e-001,6.203734e-010
9.370000000000001e-001,6.314991e-010
9.380000000000001e-001,6.428246e-010
9.390000000000001e-001,6.543535e-010
9.400000000000001e-001,6.660895e-010
9.410000000000001e-001,6.780361e-010
9.420000000000001e-001,6.901973e-010
9.430000000000001e-001,7.025770e-010
9.440000000000001e-001,7.151789e-010
9.450000000000001e-001,7.280071e-010
9.460000000000000e-001,7.410657e-010
9.470000000000000e-001,7.543588e-010
9.480000000000000e-001,7.678906e-010
9.490000000000000e-001,7.816655e-010
9.500000000000000e-001,7.956877e-010
9.510000000000000e-001,8.099617e-010
9.520000000000000e-001,8.244920e-010
9.530000000000000e-001,8.392833e-010
9.540000000000000e-001,8.543402e-010
9.550000000000000e-001,8.696675e-010
9.560000000000000e-001,8.852700e-010
9.570000000000000e-001,9.011528e-010
9.580000000000000e-001,9.173208e-010
9.590000000000000e-001,9.337791e-010
9.600000000000000e-001,9.505330e-010
9.610000000000000e-001,9.675877e-010
9.620000000000000e-001,9.849488e-010
9.630000000000000e-001,1.002622e-009
9.640000000000000e-001,1.020612e-009
9.650000000000000e-001,1.038925e-009
9.660000000000000e-001,1.057567e-009
9.670000000000000e-001,1.076544e-009
9.680000000000000e-001,1.095862e-009
9.690000000000000e-001,1.115526e-009
9.700000000000000e-001,1.135544e-009
9.710000000000000e-001,1.155921e-009
9.720000000000000e-001,1.176665e-009
9.730000000000000e-001,1.197780e-009
9.740000000000000e-001,1.219275e-009
9.750000000000000e-001,1.241156e-009
9.760000000000000e-001,1.263430e-009
9.770000000000000e-001,1.286104e-009
9.780000000000000e-001,1.309185e-009
9.790000000000000e-001,1.332681e-009
9.800000000000000e-001,1.356598e-009
9.810000000000000e-001,1.380945e-009
9.820000000000000e-001,1.405730e-009
9.830000000000000e-001,1.430959e-009
9.840000000000000e-001,1.456642e-009
9.850000000000000e-001,1.482785e-009
9.860000000000000e-001,1.509399e-009
9.870000000000000e-001,1.536490e-009
9.880000000000000e-001,1.564067e-009
9.890000000000000e-001,1.592140e-009
9.900000000000000e-001,1.620718e-009
9.910000000000000e-001,1.649808e-009
9.920000000000000e-001,1.679421e-009
9.930000000000000e-001,1.709565e-009
9.940000000000000e-001,1.740251e-009
9.950000000000000e-001,1.771488e-009
9.960000000000000e-001,1.803286e-009
9.970000000000000e-001,1.835655e-009
9.980000000000000e-001,1.868605e-009
9.990000000000000e-001,1.902148e-009
1.000000000000000e+000,1.936292e-009
1.001000000000000e+000,1.971050e-009
1.002000000000000e+000,2.006431e-009
1.003000000000000e+000,2.042449e-009
1.004000000000000e+000,2.079113e-009
1.005000000000000e+000,2.116435e-009
1.006000000000000e+000,2.154428e-009
1.007000000000000e+000,2.193103e-009
1.008000000000000e+000,2.232473e-009
1.009000000000000e+000,2.272550e-009
1.010000000000000e+000,2.313347e-009
1.011000000000000e+000,2.354876e-009
1.012000000000000e+000,2.397151e-009
1.013000000000000e+000,2.440185e-009
1.014000000000000e+000,2.483992e-009
1.015000000000000e+000,2.528586e-009
1.016000000000000e+000,2.573980e-009
1.017000000000000e+000,2.620190e-009
1.018000000000000e+000,2.667230e-009
1.019000000000000e+000,2.715115e-009
1.020000000000000e+000,2.763859e-009
1.021000000000000e+000,2.813479e-009
1.022000000000000e+000,2.863990e-009
1.023000000000000e+000,2.915408e-009
1.024000000000000e+000,2.967750e-009
1.025000000000000e+000,3.021031e-009
1.026000000000000e+000,3.075270e-009
1.027000000000000e+000,3.130482e-009
1.028000000000000e+000,3.186686e-009
1.029000000000000e+000,3.243900e-009
1.030000000000000e+000,3.302141e-009
1.031000000000000e+000,3.361428e-009
1.032000000000000e+000,3.421780e-009
1.033000000000000e+000,3.483215e-009
1.034000000000000e+000,3.545754e-009
1.035000000000000e+000,3.609416e-009
1.036000000000000e+000,3.674221e-009
1.037000000000000e+000,3.740190e-009
1.038000000000000e+000,3.807344e-009
1.039000000000000e+000,3.875704e-009
1.040000000000000e+000,3.945292e-009
1.041000000000000e+000,4.016129e-009
1.042000000000000e+000,4.088239e-009
1.043000000000000e+000,4.161643e-009
1.044000000000000e+000,4.236366e-009
1.045000000000000e+000,4.312431e-009
1.046000000000000e+000,4.389862e-009
1.047000000000000e+000,4.468683e-009
1.048000000000000e+000,4.548920e-009
1.049000000000000e+000,4.630599e-009
1.050000000000000e+000,4.713743e-009
1.051000000000000e+000,4.798381e-009
1.052000000000000e+000,4.884539e-009
1.053000000000000e+000,4.972245e-009
1.054000000000000e+000,5.061525e-009
1.055000000000000e+000,5.152410e-009
1.056000000000000e+000,5.244926e-009
1.057000000000000e+000,5.339103e-009
1.058000000000000e+000,5.434972e-009
1.059000000000000e+000,5.532563e-009
1.060000000000000e+000,5.631906e-009
1.061000000000000e+000,5.733034e-009
1.062000000000000e+000,5.835978e-009
1.063000000000000e+000,5.940771e-009
1.064000000000000e+000,6.047445e-009
1.065000000000000e+000,6.156035e-009
1.066000000000000e+000,6.266576e-009
1.067000000000000e+000,6.379102e-009
1.068000000000000e+000,6.493648e-009
1.069000000000000e+000,6.610252e-009
1.070000000000000e+000,6.728950e-009
1.071000000000000e+000,6.849779e-009
1.072000000000000e+000,6.972779e-009
1.073000000000000e+000,7.097988e-009
1.074000000000000e+000,7.225445e-009
1.075000000000000e+000,7.355191e-009
1.076000000000000e+000,7.487268e-009
1.077000000000000e+000,7.621716e-009
1.078000000000000e+000,7.758579e-009
1.079000000000000e+000,7.897900e-009
1.080000000000000e+000,8.039724e-009
1.081000000000000e+000,8.184093e-009
1.082000000000000e+000,8.331056e-009
1.083000000000000e+000,8.480658e-009
1.084000000000000e+000,8.632948e-009
1.085000000000000e+000,8.787971e-009
1.086000000000000e+000,8.945779e-009
1.087000000000000e+000,9.106421e-009
1.088000000000000e+000,9.269949e-009
1.089000000000000e+000,9.436413e-009
1.090000000000000e+000,9.605866e-009
1.091000000000000e+000,9.778363e-009
1.092000000000000e+000,9.953959e-009
1.093000000000000e+000,1.013271e-008
1.094000000000000e+000,1.031467e-008
1.095000000000000e+000,1.049989e-008
1.096000000000000e+000,1.068844e-008
1.097000000000000e+000,1.088038e-008
1.098000000000000e+000,1.107577e-008
1.099000000000000e+000,1.127467e-008
1.100000000000000e+000,1.147713e-008
1.101000000000000e+000,1.168324e-008
1.102000000000000e+000,1.189304e-008
1.103000000000000e+000,1.210661e-008
1.104000000000000e+000,1.232402e-008
1.105000000000000e+000,1.254534e-008
1.106000000000000e+000,1.277062e-008
1.107000000000000e+000,1.299996e-008
1.108000000000000e+000,1.323341e-008
1.109000000000000e+000,1.347105e-008
1.110000000000000e+000,1.371297e-008
1.111000000000000e+000,1.395922e-008
1.112000000000000e+000,1.420990e-008
1.113000000000000e+000,1.446509e-008
1.114000000000000e+000,1.472485e-008
1.115000000000000e+000,1.498928e-008
1.116000000000000e+000,1.525846e-008
1.117000000000000e+000,1.553247e-008
1.118000000000000e+000,1.581141e-008
1.119000000000000e+000,1.609535e-008
1.120000000000000e+000,1.638440e-008
1.121000000000000e+000,1.667863e-008
1.122000000000000e+000,1.697815e-008
1.123000000000000e+000,1.728305e-008
1.124000000000000e+000,1.759342e-008
1.125000000000000e+000,1.790937e-008
1.126000000000000e+000,1.823099e-008
1.127000000000000e+000,1.855839e-008
1.128000000000000e+000,1.889167e-008
1.129000000000000e+000,1.923093e-008
1.130000000000000e+000,1.957629e-008
1.131000000000000e+000,1.992785e-008
1.132000000000000e+000,2.028572e-008
1.133000000000000e+000,2.065002e-008
1.134000000000000e+000,2.102086e-008
1.135000000000000e+000,2.139836e-008
1.136000000000000e+000,2.178264e-008
1.137000000000000e+000,2.217383e-008
1.138000000000000e+000,2.257204e-008
1.139000000000000e+000,2.297740e-008
1.140000000000000e+000,2.339004e-008
1.141000000000000e+000,2.381009e-008
1.142000000000000e+000,2.423768e-008
1.143000000000000e+000,2.467296e-008
1.144000000000000e+000,2.511605e-008
1.145000000000000e+000,2.556710e-008
1.146000000000000e+000,2.602625e-008
1.147000000000000e+000,2.649364e-008
1.148000000000000e+000,2.696943e-008
1.149000000000000e+000,2.745377e-008
1.150000000000000e+000,2.794680e-008
1.151000000000000e+000,2.844869e-008
1.152000000000000e+000,2.895959e-008
1.153000000000000e+000,2.947966e-008
1.154000000000000e+000,3.000908e-008
1.155000000000000e+000,3.054801e-008
1.156000000000000e+000,3.109661e-008
1.157000000000000e+000,3.165506e-008
1.158000000000000e+000,3.222355e-008
1.159000000000000e+000,3.280224e-008
1.160000000000000e+000,3.339133e-008
1.161000000000000e+000,3.399100e-008
1.162000000000000e+000,3.460143e-008
1.163000000000000e+000,3.522284e-008
1.164000000000000e+000,3.585539e-008
1.165000000000000e+000,3.649932e-008
1.166000000000000e+000,3.715480e-008
1.167000000000000e+000,3.782206e-008
1.168000000000000e+000,3.850130e-008
1.169000000000000e+000,3.919273e-008
1.170000000000000e+000,3.989659e-008
1.171000000000000e+000,4.061309e-008
1.172000000000000e+000,4.134245e-008
1.173000000000000e+000,4.208492e-008
1.174000000000000e+000,4.284072e-008
1.175000000000000e+000,4.361009e-008
1.176000000000000e+000,4.439328e-008
1.177000000000000e+000,4.519053e-008
1.178000000000000e+000,4.600211e-008
1.179000000000000e+000,4.682826e-008
1.180000000000000e+000,4.766924e-008
1.181000000000000e+000,4.852533e-008
1.182000000000000e+000,4.939679e-008
1.183000000000000e+000,5.028391e-008
1.184000000000000e+000,5.118695e-008
1.185000000000000e+000,5.210622e-008
1.186000000000000e+000,5.304199e-008
1.187000000000000e+000,5.399457e-008
1.188000000000000e+000,5.496426e-008
1.189000000000000e+000,5.595136e-008
1.190000000000000e+000,5.695619e-008
1.191000000000000e+000,5.797907e-008
1.192000000000000e+000,5.902031e-008
1.193000000000000e+000,6.008025e-008
1.194000000000000e+000,6.115923e-008
1.195000000000000e+000,6.225760e-008
1.196000000000000e+000,6.337568e-008
1.197000000000000e+000,6.451385e-008
1.198000000000000e+000,6.567245e-008
1.199000000000000e+000,6.685187e-008
1.200000000000000e+000,6.805246e-008
1.201000000000000e+000,6.927462e-008
1.202000000000000e+000,7.051872e-008
1.203000000000000e+000,7.178517e-008
1.204000000000000e+000,7.307437e-008
1.205000000000000e+000,7.438671e-008
1.206000000000000e+000,7.572263e-008
1.207000000000000e+000,7.708254e-008
1.208000000000000e+000,7.846687e-008
1.209000000000000e+000,7.987606e-008
1.210000000000000e+000,8.131056e-008
1.211000000000000e+000,8.277082e-008
1.212000000000000e+000,8.425731e-008
1.213000000000000e+000,8.577049e-008
1.214000000000000e+000,8.731085e-008
1.215000000000000e+000,8.887888e-008
1.216000000000000e+000,9.047506e-008
1.217000000000000e+000,9.209991e-008
1.218000000000000e+000,9.375394e-008
1.219000000000000e+000,9.543768e-008
1.220000000000000e+000,9.715166e-008
1.221000000000000e+000,9.889641e-008
1.222000000000000e+000,1.006725e-007
1.223000000000000e+000,1.024805e-007
1.224000000000000e+000,1.043209e-007
1.225000000000000e+000,1.061945e-007
1.226000000000000e+000,1.081016e-007
1.227000000000000e+000,1.100430e-007
1.228000000000000e+000,1.120193e-007
1.229000000000000e+000,1.140311e-007
1.230000000000000e+000,1.160790e-007
1.231000000000000e+000,1.181636e-007
1.232000000000000e+000,1.202858e-007
1.233000000000000e+000,1.224460e-007
1.234000000000000e+000,1.246450e-007
1.235000000000000e+000,1.268835e-007
1.236000000000000e+000,1.291622e-007
1.237000000000000e+000,1.314819e-007
1.238000000000000e+000,1.338432e-007
1.239000000000000e+000,1.362469e-007
1.240000000000000e+000,1.386938e-007
1.241000000000000e+000,1.411846e-007
1.242000000000000e+000,1.437201e-007
1.243000000000000e+000,1.463012e-007
1.244000000000000e+000,1.489287e-007
1.245000000000000e+000,1.516033e-007
1.246000000000000e+000,1.543260e-007
1.247000000000000e+000,1.570975e-007
1.248000000000000e+000,1.599189e-007
1.249000000000000e+000,1.627909e-007
1.250000000000000e+000,1.657145e-007
1.251000000000000e+000,1.686905e-007
1.252000000000000e+000,1.717201e-007
1.253000000000000e+000,1.748040e-007
1.254000000000000e+000,1.779434e-007
1.255000000000000e+000,1.811391e-007
1.256000000000000e+000,1.843922e-007
1.257000000000000e+000,1.877037e-007
1.258000000000000e+000,1.910747e-007
1.259000000000000e+000,1.945062e-007
1.260000000000000e+000,1.979994e-007
1.261000000000000e+000,2.015553e-007
1.262000000000000e+000,2.051750e-007
1.263000000000000e+000,2.088598e-007
1.264000000000000e+000,2.126107e-007
1.265000000000000e+000,2.164291e-007
1.266000000000000e+000,2.203159e-007
1.267000000000000e+000,2.242726e-007
1.268000000000000e+000,2.283004e-007
1.269000000000000e+000,2.324004e-007
1.270000000000000e+000,2.365741e-007
1.271000000000000e+000,2.408228e-007
1.272000000000000e+000,2.451478e-007
1.273000000000000e+000,2.495504e-007
1.274000000000000e+000,2.540321e-007
1.275000000000000e+000,2.585943e-007
1.276000000000000e+000,2.632384e-007
1.277000000000000e+000,2.679660e-007
1.278000000000000e+000,2.727784e-007
1.279000000000000e+000,2.776772e-007
1.280000000000000e+000,2.826641e-007
1.281000000000000e+000,2.877404e-007
1.282000000000000e+000,2.929080e-007
1.283000000000000e+000,2.981684e-007
1.284000000000000e+000,3.035232e-007
1.285000000000000e+000,3.089742e-007
1.286000000000000e+000,3.145231e-007
1.287000000000000e+000,3.201716e-007
1.288000000000000e+000,3.259216e-007
1.289000000000000e+000,3.317749e-007
1.290000000000000e+000,3.377333e-007
1.291000000000000e+000,3.437986e-007
1.292000000000000e+000,3.499729e-007
1.293000000000000e+000,3.562581e-007
1.294000000000000e+000,3.626562e-007
1.295000000000000e+000,3.691692e-007
1.296000000000000e+000,3.757991e-007
1.297000000000000e+000,3.825481e-007
1.298000000000000e+000,3.894183e-007
1.299000000000000e+000,3.964118e-007
1.300000000000000e+000,4.035310e-007
1.301000000000000e+000,4.107780e-007
1.302000000000000e+000,4.181552e-007
1.303000000000000e+000,4.256649e-007
1.304000000000000e+000,4.333094e-007
1.305000000000000e+000,4.410912e-007
1.306000000000000e+000,4.490128e-007
1.307000000000000e+000,4.570766e-007
1.308000000000000e+000,4.652852e-007
1.309000000000000e+000,4.736413e-007
1.310000000000000e+000,4.821474e-007
1.311000000000000e+000,4.908063e-007
1.312000000000000e+000,4.996206e-007
1.313000000000000e+000,5.085933e-007
1.314000000000000e+000,5.177271e-007
1.315000000000000e+000,5.270250e-007
1.316000000000000e+000,5.364898e-007
1.317000000000000e+000,5.461246e-007
1.318000000000000e+000,5.559324e-007
1.319000000000000e+000,5.659163e-007
1.320000000000000e+000,5.760796e-007
1.321000000000000e+000,5.864253e-007
1.322000000000000e+000,5.969569e-007
1.323000000000000e+000,6.076776e-007
1.324000000000000e+000,6.185908e-007
1.325000000000000e+000,6.297000e-007
1.326000000000000e+000,6.410087e-007
1.327000000000000e+000,6.525205e-007
1.328000000000000e+000,6.642390e-007
1.329000000000000e+000,6.761680e-007
1.330000000000000e+000,6.883112e-007
1.331000000000000e+000,7.006724e-007
1.332000000000000e+000,7.132557e-007
1.333000000000000e+000,7.260649e-007
1.334000000000000e+000,7.391042e-007
1.335000000000000e+000,7.523776e-007
1.336000000000000e+000,7.658894e-007
1.337000000000000e+000,7.796438e-007
1.338000000000000e+000,7.936453e-007
1.339000000000000e+000,8.078981e-007
1.340000000000000e+000,8.224069e-007
1.341000000000000e+000,8.371763e-007
1.342000000000000e+000,8.522110e-007
1.343000000000000e+000,8.675156e-007
1.344000000000000e+000,8.830950e-007
1.345000000000000e+000,8.989543e-007
1.346000000000000e+000,9.150983e-007
1.347000000000000e+000,9.315323e-007
1.348000000000000e+000,9.482613e-007
1.349000000000000e+000,9.652908e-007
1.350000000000000e+000,9.826261e-007
1.351000000000000e+000,1.000273e-006
1.352000000000000e+000,1.018236e-006
1.353000000000000e+000,1.036522e-006
1.354000000000000e+000,1.055137e-006
1.355000000000000e+000,1.074086e-006
1.356000000000000e+000,1.093375e-006
1.357000000000000e+000,1.113010e-006
1.358000000000000e+000,1.132998e-006
1.359000000000000e+000,1.153345e-006
1.360000000000000e+000,1.174057e-006
1.361000000000000e+000,1.195142e-006
1.362000000000000e+000,1.216604e-006
1.363000000000000e+000,1.238453e-006
1.364000000000000e+000,1.260693e-006
1.365000000000000e+000,1.283333e-006
1.366000000000000e+000,1.306380e-006
1.367000000000000e+000,1.329841e-006
1.368000000000000e+000,1.353722e-006
1.369000000000000e+000,1.378033e-006
1.370000000000000e+000,1.402780e-006
1.371000000000000e+000,1.427972e-006
1.372000000000000e+000,1.453615e-006
1.373000000000000e+000,1.479720e-006
1.374000000000000e+000,1.506293e-006
1.375000000000000e+000,1.533343e-006
1.376000000000000e+000,1.560879e-006
1.377000000000000e+000,1.588910e-006
1.378000000000000e+000,1.617444e-006
1.379000000000000e+000,1.646490e-006
1.380000000000000e+000,1.676058e-006
1.381000000000000e+000,1.706157e-006
1.382000000000000e+000,1.736796e-006
1.383000000000000e+000,1.767986e-006
1.384000000000000e+000,1.799735e-006
1.385000000000000e+000,1.832055e-006
1.386000000000000e+000,1.864955e-006
1.387000000000000e+000,1.898446e-006
1.388000000000000e+000,1.932538e-006
1.389000000000000e+000,1.967242e-006
1.390000000000000e+000,2.002570e-006
1.391000000000000e+000,2.038531e-006
1.392000000000000e+000,2.075139e-006
1.393000000000000e+000,2.112404e-006
1.394000000000000e+000,2.150338e-006
1.395000000000000e+000,2.188953e-006
1.396000000000000e+000,2.228262e-006
1.397000000000000e+000,2.268276e-006
1.398000000000000e+000,2.309009e-006
1.399000000000000e+000,2.350473e-006
1.400000000000000e+000,2.392682e-006
1.401000000000000e+000,2.435649e-006
1.402000000000000e+000,2.479387e-006
1.403000000000000e+000,2.523911e-006
1.404000000000000e+000,2.569234e-006
1.405000000000000e+000,2.615370e-006
1.406000000000000e+000,2.662336e-006
1.407000000000000e+000,2.710144e-006
1.408000000000000e+000,2.758811e-006
1.409000000000000e+000,2.808352e-006
1.410000000000000e+000,2.858782e-006
1.411000000000000e+000,2.910118e-006
1.412000000000000e+000,2.962375e-006
1.413000000000000e+000,3.015571e-006
1.414000000000000e+000,3.069722e-006
1.415000000000000e+000,3.124845e-006
1.416000000000000e+000,3.180958e-006
1.417000000000000e+000,3.238078e-006
1.418000000000000e+000,3.296224e-006
1.419000000000000e+000,3.355414e-006
1.420000000000000e+000,3.415666e-006
1.421000000000000e+000,3.477001e-006
1.422000000000000e+000,3.539436e-006
1.423000000000000e+000,3.602993e-006
1.424000000000000e+000,3.667690e-006
1.425000000000000e+000,3.733549e-006
1.426000000000000e+000,3.800591e-006
1.427000000000000e+000,3.868836e-006
1.428000000000000e+000,3.938307e-006
1.429000000000000e+000,4.009024e-006
1.430000000000000e+000,4.081012e-006
1.431000000000000e+000,4.154291e-006
1.432000000000000e+000,4.228887e-006
1.433000000000000e+000,4.304821e-006
1.434000000000000e+000,4.382119e-006
1.435000000000000e+000,4.460805e-006
1.436000000000000e+000,4.540902e-006
1.437000000000000e+000,4.622439e-006
1.438000000000000e+000,4.705438e-006
1.439000000000000e+000,4.789928e-006
1.440000000000000e+000,4.875935e-006
1.441000000000000e+000,4.963485e-006
1.442000000000000e+000,5.052608e-006
1.443000000000000e+000,5.143330e-006
1.444000000000000e+000,5.235681e-006
1.445000000000000e+000,5.329689e-006
1.446000000000000e+000,5.425386e-006
1.447000000000000e+000,5.522800e-006
1.448000000000000e+000,5.621962e-006
1.449000000000000e+000,5.722905e-006
1.450000000000000e+000,5.825660e-006
1.451000000000000e+000,5.930259e-006
1.452000000000000e+000,6.036736e-006
1.453000000000000e+000,6.145125e-006
1.454000000000000e+000,6.255458e-006
1.455000000000000e+000,6.367773e-006
1.456000000000000e+000,6.482103e-006
1.457000000000000e+000,6.598485e-006
1.458000000000000e+000,6.716957e-006
1.459000000000000e+000,6.837554e-006
1.460000000000000e+000,6.960317e-006
1.461000000000000e+000,7.085283e-006
1.462000000000000e+000,7.212492e-006
1.463000000000000e+000,7.341984e-006
1.464000000000000e+000,7.473800e-006
1.465000000000000e+000,7.607982e-006
1.466000000000000e+000,7.744573e-006
1.467000000000000e+000,7.883615e-006
1.468000000000000e+000,8.025152e-006
1.469000000000000e+000,8.169230e-006
1.470000000000000e+000,8.315893e-006
1.471000000000000e+000,8.465188e-006
1.472000000000000e+000,8.617163e-006
1.473000000000000e+000,8.771865e-006
1.474000000000000e+000,8.929343e-006
1.475000000000000e+000,9.089648e-006
1.476000000000000e+000,9.252830e-006
1.477000000000000e+000,9.418939e-006
1.478000000000000e+000,9.588030e-006
1.479000000000000e+000,9.760154e-006
1.480000000000000e+000,9.935368e-006
1.481000000000000e+000,1.011373e-005
1.482000000000000e+000,1.029528e-005
1.483000000000000e+000,1.048010e-005
1.484000000000000e+000,1.066823e-005
1.485000000000000e+000,1.085974e-005
1.486000000000000e+000,1.105468e-005
1.487000000000000e+000,1.125313e-005
1.488000000000000e+000,1.145513e-005
1.489000000000000e+000,1.166075e-005
1.490000000000000e+000,1.187007e-005
1.491000000000000e+000,1.208314e-005
1.492000000000000e+000,1.230004e-005
1.493000000000000e+000,1.252082e-005
1.494000000000000e+000,1.274557e-005
1.495000000000000e+000,1.297435e-005
1.496000000000000e+000,1.320723e-005
1.497000000000000e+000,1.344429e-005
1.498000000000000e+000,1.368560e-005
1.499000000000000e+000,1.393124e-005
1.500000000000000e+000,1.418129e-005
1.501000000000000e+000,1.443582e-005
1.502000000000000e+000,1.469492e-005
1.503000000000000e+000,1.495867e-005
1.504000000000000e+000,1.522715e-005
1.505000000000000e+000,1.550044e-005
1.506000000000000e+000,1.577863e-005
1.507000000000000e+000,1.606182e-005
1.508000000000000e+000,1.635008e-005
1.509000000000000e+000,1.664351e-005
1.510000000000000e+000,1.694221e-005
1.511000000000000e+000,1.724626e-005
1.512000000000000e+000,1.755577e-005
1.513000000000000e+000,1.787082e-005
1.514000000000000e+000,1.819153e-005
1.515000000000000e+000,1.851798e-005
1.516000000000000e+000,1.885029e-005
1.517000000000000e+000,1.918856e-005
1.518000000000000e+000,1.953289e-005
1.519000000000000e+000,1.988340e-005
1.520000000000000e+000,2.024019e-005
1.521000000000000e+000,2.060338e-005
1.522000000000000e+000,2.097308e-005
1.523000000000000e+000,2.134941e-005
1.524000000000000e+000,2.173248e-005
1.525000000000000e+000,2.212242e-005
1.526000000000000e+000,2.251935e-005
1.527000000000000e+000,2.292340e-005
1.528000000000000e+000,2.333469e-005
1.529000000000000e+000,2.375335e-005
1.530000000000000e+000,2.417951e-005
1.531000000000000e+000,2.461331e-005
1.532000000000000e+000,2.505489e-005
1.533000000000000e+000,2.550438e-005
1.534000000000000e+000,2.596192e-005
1.535000000000000e+000,2.642767e-005
1.536000000000000e+000,2.690176e-005
1.537000000000000e+000,2.738435e-005
1.538000000000000e+000,2.787558e-005
1.539000000000000e+000,2.837561e-005
1.540000000000000e+000,2.888460e-005
1.541000000000000e+000,2.940272e-005
1.542000000000000e+000,2.993011e-005
1.543000000000000e+000,3.046695e-005
1.544000000000000e+000,3.101341e-005
1.545000000000000e+000,3.156966e-005
1.546000000000000e+000,3.213586e-005
1.547000000000000e+000,3.271221e-005
1.548000000000000e+000,3.329889e-005
1.549000000000000e+000,3.389607e-005
1.550000000000000e+000,3.450394e-005
1.551000000000000e+000,3.512270e-005
1.552000000000000e+000,3.575254e-005
1.553000000000000e+000,3.639366e-005
1.554000000000000e+000,3.704625e-005
1.555000000000000e+000,3.771053e-005
1.556000000000000e+000,3.838670e-005
1.557000000000000e+000,3.907498e-005
1.558000000000000e+000,3.977557e-005
1.559000000000000e+000,4.048871e-005
1.560000000000000e+000,4.121461e-005
1.561000000000000e+000,4.195350e-005
1.562000000000000e+000,4.270561e-005
1.563000000000000e+000,4.347118e-005
1.564000000000000e+000,4.425046e-005
1.565000000000000e+000,4.504367e-005
1.566000000000000e+000,4.585108e-005
1.567000000000000e+000,4.667293e-005
1.568000000000000e+000,4.750948e-005
1.569000000000000e+000,4.836100e-005
1.570000000000000e+000,4.922774e-005
1.571000000000000e+000,5.010999e-005
1.572000000000000e+000,5.100802e-005
1.573000000000000e+000,5.192210e-005
1.574000000000000e+000,5.285253e-005
1.575000000000000e+000,5.379959e-005
1.576000000000000e+000,5.476359e-005
1.577000000000000e+000,5.574482e-005
1.578000000000000e+000,5.674359e-005
1.579000000000000e+000,5.776021e-005
1.580000000000000e+000,5.879500e-005
1.581000000000000e+000,5.984828e-005
1.582000000000000e+000,6.092039e-005
1.583000000000000e+000,6.201164e-005
1.584000000000000e+000,6.312240e-005
1.585000000000000e+000,6.425299e-005
1.586000000000000e+000,6.540379e-005
1.587000000000000e+000,6.657513e-005
1.588000000000000e+000,6.776740e-005
1.589000000000000e+000,6.898095e-005
1.590000000000000e+000,7.021617e-005
1.591000000000000e+000,7.147345e-005
1.592000000000000e+000,7.275317e-005
1.593000000000000e+000,7.405573e-005
1.594000000000000e+000,7.538154e-005
1.595000000000000e+000,7.673100e-005
1.596000000000000e+000,7.810455e-005
1.597000000000000e+000,7.950261e-005
1.598000000000000e+000,8.092560e-005
1.599000000000000e+000,8.237398e-005
1.600000000000000e+000,8.384819e-005
1.601000000000000e+000,8.534869e-005
1.602000000000000e+000,8.687594e-005
1.603000000000000e+000,8.843042e-005
1.604000000000000e+000,9.001261e-005
1.605000000000000e+000,9.162300e-005
1.606000000000000e+000,9.326209e-005
1.607000000000000e+000,9.493039e-005
1.608000000000000e+000,9.662840e-005
1.609000000000000e+000,9.835666e-005
1.610000000000000e+000,1.001157e-004
1.611000000000000e+000,1.019061e-004
1.612000000000000e+000,1.037283e-004
1.613000000000000e+000,1.055830e-004
1.614000000000000e+000,1.074707e-004
1.615000000000000e+000,1.093921e-004
1.616000000000000e+000,1.113475e-004
1.617000000000000e+000,1.133378e-004
1.618000000000000e+000,1.153635e-004
1.619000000000000e+000,1.174252e-004
1.620000000000000e+000,1.195236e-004
1.621000000000000e+000,1.216593e-004
1.622000000000000e+000,1.238329e-004
1.623000000000000e+000,1.260452e-004
1.624000000000000e+000,1.282968e-004
1.625000000000000e+000,1.305884e-004
1.626000000000000e+000,1.329207e-004
1.627000000000000e+000,1.352944e-004
1.628000000000000e+000,1.377103e-004
1.629000000000000e+000,1.401691e-004
1.630000000000000e+000,1.426715e-004
1.631000000000000e+000,1.452183e-004
1.632000000000000e+000,1.478102e-004
1.633000000000000e+000,1.504482e-004
1.634000000000000e+000,1.531329e-004
1.635000000000000e+000,1.558653e-004
1.636000000000000e+000,1.586460e-004
1.637000000000000e+000,1.614761e-004
1.638000000000000e+000,1.643562e-004
1.639000000000000e+000,1.672874e-004
1.640000000000000e+000,1.702705e-004
1.641000000000000e+000,1.733065e-004
1.642000000000000e+000,1.763961e-004
1.643000000000000e+000,1.795404e-004
1.644000000000000e+000,1.827403e-004
1.645000000000000e+000,1.859969e-004
1.646000000000000e+000,1.893110e-004
1.647000000000000e+000,1.926837e-004
1.648000000000000e+000,1.961160e-004
1.649000000000000e+000,1.996089e-004
1.650000000000000e+000,2.031635e-004
1.651000000000000e+000,2.067808e-004
1.652000000000000e+000,2.104620e-004
1.653000000000000e+000,2.142082e-004
1.654000000000000e+000,2.180204e-004
1.655000000000000e+000,2.218998e-004
1.656000000000000e+000,2.258477e-004
1.657000000000000e+000,2.298651e-004
1.658000000000000e+000,2.339532e-004
1.659000000000000e+000,2.381134e-004
1.660000000000000e+000,2.423468e-004
1.661000000000000e+000,2.466547e-004
1.662000000000000e+000,2.510383e-004
1.663000000000000e+000,2.554991e-004
1.664000000000000e+000,2.600382e-004
1.665000000000000e+000,2.646571e-004
1.666000000000000e+000,2.693572e-004
1.667000000000000e+000,2.741397e-004
1.668000000000000e+000,2.790063e-004
1.669000000000000e+000,2.839581e-004
1.670000000000000e+000,2.889968e-004
1.671000000000000e+000,2.941239e-004
1.672000000000000e+000,2.993407e-004
1.673000000000000e+000,3.046489e-004
1.674000000000000e+000,3.100501e-004
1.675000000000000e+000,3.155457e-004
1.676000000000000e+000,3.211375e-004
1.677000000000000e+000,3.268271e-004
1.678000000000000e+000,3.326160e-004
1.679000000000000e+000,3.385060e-004
1.680000000000000e+000,3.444989e-004
1.681000000000000e+000,3.505963e-004
1.682000000000000e+000,3.568001e-004
1.683000000000000e+000,3.631120e-004
1.684000000000000e+000,3.695338e-004
1.685000000000000e+000,3.760675e-004
1.686000000000000e+000,3.827148e-004
1.687000000000000e+000,3.894778e-004
1.688000000000000e+000,3.963583e-004
1.689000000000000e+000,4.033584e-004
1.690000000000000e+000,4.104799e-004
1.691000000000000e+000,4.177251e-004
1.692000000000000e+000,4.250959e-004
1.693000000000000e+000,4.325945e-004
1.694000000000000e+000,4.402229e-004
1.695000000000000e+000,4.479834e-004
1.696000000000000e+000,4.558781e-004
1.697000000000000e+000,4.639093e-004
1.698000000000000e+000,4.720792e-004
1.699000000000000e+000,4.803902e-004
1.700000000000000e+000,4.888445e-004
1.701000000000000e+000,4.974446e-004
1.702000000000000e+000,5.061929e-004
1.703000000000000e+000,5.150918e-004
1.704000000000000e+000,5.241437e-004
1.705000000000000e+000,5.333512e-004
1.706000000000000e+000,5.427169e-004
1.707000000000000e+000,5.522433e-004
1.708000000000000e+000,5.619331e-004
1.709000000000000e+000,5.717890e-004
1.710000000000000e+000,5.818136e-004
1.711000000000000e+000,5.920097e-004
1.712000000000000e+000,6.023800e-004
1.713000000000000e+000,6.129275e-004
1.714000000000000e+000,6.236550e-004
1.715000000000000e+000,6.345654e-004
1.716000000000000e+000,6.456616e-004
1.717000000000000e+000,6.569466e-004
1.718000000000000e+000,6.684235e-004
1.719000000000000e+000,6.800954e-004
1.720000000000000e+000,6.919653e-004
1.721000000000000e+000,7.040365e-004
1.722000000000000e+000,7.163121e-004
1.723000000000000e+000,7.287954e-004
1.724000000000000e+000,7.414897e-004
1.725000000000000e+000,7.543983e-004
1.726000000000000e+000,7.675247e-004
1.727000000000000e+000,7.808722e-004
1.728000000000000e+000,7.944443e-004
1.729000000000000e+000,8.082447e-004
1.730000000000000e+000,8.222768e-004
1.731000000000000e+000,8.365442e-004
1.732000000000000e+000,8.510507e-004
1.733000000000000e+000,8.658000e-004
1.734000000000000e+000,8.807956e-004
1.735000000000000e+000,8.960417e-004
1.736000000000000e+000,9.115420e-004
1.737000000000000e+000,9.273004e-004
1.738000000000000e+000,9.433209e-004
1.739000000000000e+000,9.596074e-004
1.740000000000000e+000,9.761640e-004
1.741000000000000e+000,9.929950e-004
1.742000000000000e+000,1.010104e-003
1.743000000000000e+000,1.027496e-003
1.744000000000000e+000,1.045175e-003
1.745000000000000e+000,1.063145e-003
1.746000000000000e+000,1.081411e-003
1.747000000000000e+000,1.099976e-003
1.748000000000000e+000,1.118846e-003
1.749000000000000e+000,1.138026e-003
1.750000000000000e+000,1.157518e-003
1.751000000000000e+000,1.177329e-003
1.752000000000000e+000,1.197463e-003
1.753000000000000e+000,1.217924e-003
1.754000000000000e+000,1.238718e-003
1.755000000000000e+000,1.259849e-003
1.756000000000000e+000,1.281322e-003
1.757000000000000e+000,1.303142e-003
1.758000000000000e+000,1.325314e-003
1.759000000000000e+000,1.347843e-003
1.760000000000000e+000,1.370734e-003
1.761000000000000e+000,1.393993e-003
1.762000000000000e+000,1.417624e-003
1.763000000000000e+000,1.441633e-003
1.764000000000000e+000,1.466025e-003
1.765000000000000e+000,1.490805e-003
1.766000000000000e+000,1.515980e-003
1.767000000000000e+000,1.541553e-003
1.768000000000000e+000,1.567532e-003
1.769000000000000e+000,1.593921e-003
1.770000000000000e+000,1.620726e-003
1.771000000000000e+000,1.647952e-003
1.772000000000000e+000,1.675606e-003
1.773000000000000e+000,1.703693e-003
1.774000000000000e+000,1.732219e-003
1.775000000000000e+000,1.761190e-003
1.776000000000000e+000,1.790612e-003
1.777000000000000e+000,1.820490e-003
1.778000000000000e+000,1.850831e-003
1.779000000000000e+000,1.881640e-003
1.780000000000000e+000,1.912925e-003
1.781000000000000e+000,1.944690e-003
1.782000000000000e+000,1.976943e-003
1.783000000000000e+000,2.009688e-003
1.784000000000000e+000,2.042934e-003
1.785000000000000e+000,2.076685e-003
1.786000000000000e+000,2.110949e-003
1.787000000000000e+000,2.145732e-003
1.788000000000000e+000,2.181039e-003
1.789000000000000e+000,2.216879e-003
1.790000000000000e+000,2.253256e-003
1.791000000000000e+000,2.290178e-003
1.792000000000000e+000,2.327651e-003
1.793000000000000e+000,2.365683e-003
1.794000000000000e+000,2.404278e-003
1.795000000000000e+000,2.443445e-003
1.796000000000000e+000,2.483190e-003
1.797000000000000e+000,2.523519e-003
1.798000000000000e+000,2.564440e-003
1.799000000000000e+000,2.605960e-003
1.800000000000000e+000,2.648084e-003
1.801000000000000e+000,2.690820e-003
1.802000000000000e+000,2.734175e-003
1.803000000000000e+000,2.778156e-003
1.804000000000000e+000,2.822769e-003
1.805000000000000e+000,2.868022e-003
1.806000000000000e+000,2.913922e-003
1.807000000000000e+000,2.960475e-003
1.808000000000000e+000,3.007688e-003
1.809000000000000e+000,3.055569e-003
1.810000000000000e+000,3.104125e-003
1.811000000000000e+000,3.153362e-003
1.812000000000000e+000,3.203288e-003
1.813000000000000e+000,3.253909e-003
1.814000000000000e+000,3.305234e-003
1.815000000000000e+000,3.357267e-003
1.816000000000000e+000,3.410018e-003
1.817000000000000e+000,3.463492e-003
1.818000000000000e+000,3.517697e-003
1.819000000000000e+000,3.572640e-003
1.820000000000000e+000,3.628328e-003
1.821000000000000e+000,3.684768e-003
1.822000000000000e+000,3.741967e-003
1.823000000000000e+000,3.799932e-003
1.824000000000000e+000,3.858670e-003
1.825000000000000e+000,3.918188e-003
1.826000000000000e+000,3.978493e-003
1.827000000000000e+000,4.039591e-003
1.828000000000000e+000,4.101490e-003
1.829000000000000e+000,4.164197e-003
1.830000000000000e+000,4.227718e-003
1.831000000000000e+000,4.292061e-003
1.832000000000000e+000,4.357231e-003
1.833000000000000e+000,4.423237e-003
1.834000000000000e+000,4.490084e-003
1.835000000000000e+000,4.557780e-003
1.836000000000000e+000,4.626330e-003
1.837000000000000e+000,4.695741e-003
1.838000000000000e+000,4.766021e-003
1.839000000000000e+000,4.837176e-003
1.840000000000000e+000,4.909211e-003
1.841000000000000e+000,4.982134e-003
1.842000000000000e+000,5.055951e-003
1.843000000000000e+000,5.130669e-003
1.844000000000000e+000,5.206292e-003
1.845000000000000e+000,5.282829e-003
1.846000000000000e+000,5.360284e-003
1.847000000000000e+000,5.438664e-003
1.848000000000000e+000,5.517975e-003
1.849000000000000e+000,5.598223e-003
1.850000000000000e+000,5.679413e-003
1.851000000000000e+000,5.761553e-003
1.852000000000000e+000,5.844646e-003
1.853000000000000e+000,5.928699e-003
1.854000000000000e+000,6.013718e-003
1.855000000000000e+000,6.099708e-003
1.856000000000000e+000,6.186675e-003
1.857000000000000e+000,6.274623e-003
1.858000000000000e+000,6.363558e-003
1.859000000000000e+000,6.453486e-003
1.860000000000000e+000,6.544411e-003
1.861000000000000e+000,6.636338e-003
1.862000000000000e+000,6.729273e-003
1.863000000000000e+000,6.823220e-003
1.864000000000000e+000,6.918184e-003
1.865000000000000e+000,7.014169e-003
1.866000000000000e+000,7.111180e-003
1.867000000000000e+000,7.209222e-003
1.868000000000000e+000,7.308299e-003
1.869000000000000e+000,7.408415e-003
1.870000000000000e+000,7.509573e-003
1.871000000000000e+000,7.611780e-003
1.872000000000000e+000,7.715038e-003
1.873000000000000e+000,7.819350e-003
1.874000000000000e+000,7.924722e-003
1.875000000000000e+000,8.031156e-003
1.876000000000000e+000,8.138656e-003
1.877000000000000e+000,8.247226e-003
1.878000000000000e+000,8.356867e-003
1.879000000000000e+000,8.467586e-003
1.880000000000000e+000,8.579384e-003
1.881000000000000e+000,8.692263e-003
1.882000000000000e+000,8.806227e-003
1.883000000000000e+000,8.921279e-003
1.884000000000000e+000,9.037421e-003
1.885000000000000e+000,9.154656e-003
1.886000000000000e+000,9.272986e-003
1.887000000000000e+000,9.392414e-003
1.888000000000000e+000,9.512942e-003
1.889000000000000e+000,9.634572e-003
1.890000000000000e+000,9.757305e-003
1.891000000000000e+000,9.881144e-003
1.892000000000000e+000,1.000609e-002
1.893000000000000e+000,1.013215e-002
1.894000000000000e+000,1.025931e-002
1.895000000000000e+000,1.038759e-002
1.896000000000000e+000,1.051699e-002
1.897000000000000e+000,1.064749e-002
1.898000000000000e+000,1.077911e-002
1.899000000000000e+000,1.091185e-002
1.900000000000000e+000,1.104571e-002
1.901000000000000e+000,1.118068e-002
1.902000000000000e+000,1.131678e-002
1.903000000000000e+000,1.145399e-002
1.904000000000000e+000,1.159232e-002
1.905000000000000e+000,1.173178e-002
1.906000000000000e+000,1.187235e-002
1.907000000000000e+000,1.201405e-002
1.908000000000000e+000,1.215686e-002
1.909000000000000e+000,1.230079e-002
1.910000000000000e+000,1.244585e-002
1.911000000000000e+000,1.259202e-002
1.912000000000000e+000,1.273932e-002
1.913000000000000e+000,1.288773e-002
1.914000000000000e+000,1.303726e-002
1.915000000000000e+000,1.318791e-002
1.916000000000000e+000,1.333968e-002
1.917000000000000e+000,1.349256e-002
1.918000000000000e+000,1.364655e-002
1.919000000000000e+000,1.380166e-002
1.920000000000000e+000,1.395789e-002
1.921000000000000e+000,1.411522e-002
1.922000000000000e+000,1.427366e-002
1.923000000000000e+000,1.443321e-002
1.924000000000000e+000,1.459387e-002
1.925000000000000e+000,1.475564e-002
1.926000000000000e+000,1.491850e-002
1.927000000000000e+000,1.508247e-002
1.928000000000000e+000,1.524754e-002
1.929000000000000e+000,1.541371e-002
1.930000000000000e+000,1.558097e-002
1.931000000000000e+000,1.574932e-002
1.932000000000000e+000,1.591877e-002
1.933000000000000e+000,1.608930e-002
1.934000000000000e+000,1.626093e-002
1.935000000000000e+000,1.643363e-002
1.936000000000000e+000,1.660742e-002
1.937000000000000e+000,1.678229e-002
1.938000000000000e+000,1.695823e-002
1.939000000000000e+000,1.713525e-002
1.940000000000000e+000,1.731334e-002
1.941000000000000e+000,1.749249e-002
1.942000000000000e+000,1.767272e-002
1.943000000000000e+000,1.785400e-002
1.944000000000000e+000,1.803634e-002
1.945000000000000e+000,1.821974e-002
1.946000000000000e+000,1.840420e-002
1.947000000000000e+000,1.858970e-002
1.948000000000000e+000,1.877625e-002
1.949000000000000e+000,1.896384e-002
1.950000000000000e+000,1.915247e-002
1.951000000000000e+000,1.934214e-002
1.952000000000000e+000,1.953284e-002
1.953000000000000e+000,1.972457e-002
1.954000000000000e+000,1.991733e-002
1.955000000000000e+000,2.011111e-002
1.956000000000000e+000,2.030590e-002
1.957000000000000e+000,2.050172e-002
1.958000000000000e+000,2.069854e-002
1.959000000000000e+000,2.089637e-002
1.960000000000000e+000,2.109521e-002
1.961000000000000e+000,2.129504e-002
1.962000000000000e+000,2.149587e-002
1.963000000000000e+000,2.169770e-002
1.964000000000000e+000,2.190051e-002
1.965000000000000e+000,2.210431e-002
1.966000000000000e+000,2.230908e-002
1.967000000000000e+000,2.251484e-002
1.968000000000000e+000,2.272156e-002
1.969000000000000e+000,2.292925e-002
1.970000000000000e+000,2.313791e-002
1.971000000000000e+000,2.334753e-002
1.972000000000000e+000,2.355810e-002
1.973000000000000e+000,2.376962e-002
1.974000000000000e+000,2.398210e-002
1.975000000000000e+000,2.419551e-002
1.976000000000000e+000,2.440986e-002
1.977000000000000e+000,2.462515e-002
1.978000000000000e+000,2.484137e-002
1.979000000000000e+000,2.505852e-002
1.980000000000000e+000,2.527658e-002
1.981000000000000e+000,2.549557e-002
1.982000000000000e+000,2.571547e-002
1.983000000000000e+000,2.593627e-002
1.984000000000000e+000,2.615798e-002
1.985000000000000e+000,2.638060e-002
1.986000000000000e+000,2.660410e-002
1.987000000000000e+000,2.682851e-002
1.988000000000000e+000,2.705379e-002
1.989000000000000e+000,2.727996e-002
1.990000000000000e+000,2.750701e-002
1.991000000000000e+000,2.773493e-002
1.992000000000000e+000,2.796372e-002
1.993000000000000e+000,2.819338e-002
1.994000000000000e+000,2.842390e-002
1.995000000000000e+000,2.865527e-002
1.996000000000000e+000,2.888750e-002
1.997000000000000e+000,2.912057e-002
1.998000000000000e+000,2.935449e-002
1.999000000000000e+000,2.958925e-002
2.000000000000000e+000,2.982484e-002
